Second 1 X,Second 1 Y,Second 1 Z,Second 2 X,Second 2 Y,Second 2 Z,Second 3 X,Second 3 Y,Second 3 Z,Second 4 X,Second 4 Y,Second 4 Z,Second 5 X,Second 5 Y,Second 5 Z,Second 6 X,Second 6 Y,Second 6 Z,Second 7 X,Second 7 Y,Second 7 Z,Second 8 X,Second 8 Y,Second 8 Z,Second 9 X,Second 9 Y,Second 9 Z,Second 10 X,Second 10 Y,Second 10 Z,animal
-0.634463,9.023746,-3.019088,-1.204283,9.153033,-1.968034,-0.251391,9.591172,-2.185906,0.162806,9.196129,-3.107674,-0.632069,9.289502,-2.027889,-1.685518,10.551247,-2.719813,-0.462081,11.93749,-1.271321,2.789245,7.103596,-2.454057,3.773262,4.639963,-2.932897,7.862558,-3.375824,-0.548272,Elephant
-0.639252,8.276755,-4.752491,-0.696713,8.48984,-4.616021,-0.203507,8.767567,-5.544971,2.717419,9.5385,-7.673417,-4.03423,7.000646,-0.600945,-1.405396,7.465121,0.931344,-1.673547,3.550601,4.493917,-3.483563,2.082955,0.222661,-17.420212,-32.228348,20.62126,6.964733,-2.442086,3.287239,Elephant
1.501164,6.572083,6.23929,2.25055,5.635951,7.678205,2.47321,5.398925,7.57286,2.434903,5.506664,7.85777,2.5187,5.556942,7.694964,2.667141,5.351041,7.627927,2.743755,5.226542,7.694964,3.801992,4.177882,8.889671,1.508347,6.854599,7.108385,6.294356,7.141904,7.678205,Elephant
-1.984793,2.090138,9.205706,-2.097321,2.018312,9.844957,-2.252944,1.661576,9.701305,-3.926491,1.831564,10.055647,-6.605602,2.238579,5.087678,14.393941,1.963245,18.361134,-5.619191,3.940856,9.43076,-6.916849,6.246472,9.354146,-8.765172,4.893748,14.192827,-9.593566,-3.70383,6.279991,Elephant
1.630451,4.144363,8.597578,1.484405,4.343082,8.552089,0.636858,4.209007,8.755595,0.584185,3.948039,8.662222,0.282516,3.639187,9.361329,-0.031125,3.648763,9.198523,0.167594,3.727772,8.985439,0.766145,3.476381,8.980651,0.708684,3.450045,9.325416,0.758962,3.55539,8.880095,Elephant
1.908179,5.12838,8.111555,2.176329,4.855441,7.910442,1.762132,4.908113,8.207323,1.774103,4.800375,8.317456,1.656788,4.735731,8.406042,1.697489,4.702212,8.185776,1.47004,4.489128,8.896853,0.799663,4.333505,9.370906,-2.707842,4.362236,9.040505,-3.708618,3.639187,10.793061,Elephant
-1.391031,3.49314,10.041282,-0.842759,3.440468,9.950302,-0.663194,3.701436,8.50181,-0.933739,3.89776,9.267955,-0.201113,4.13718,9.569624,-0.35913,4.400543,9.119514,1.347936,3.210624,8.774749,1.460463,2.48997,9.991004,-0.385466,3.191471,9.172187,0.423774,3.28245,8.947132,Elephant
-1.103727,2.044648,8.947132,0.349553,1.074997,10.42196,0.533907,1.043872,10.618284,1.896208,1.362301,9.392453,1.814805,1.391031,9.356541,1.173159,1.00317,9.615114,1.063026,1.477222,10.0341,1.762132,1.189918,9.497798,-0.253785,1.173159,9.888053,-0.70629,1.086968,10.453085,Elephant
-0.42138,3.392584,10.398018,-1.007959,3.102885,9.097966,-0.713472,2.734178,9.758766,0.979228,2.102109,10.058042,1.434127,1.742979,10.043676,0.505177,0.627281,9.832987,1.027112,1.465251,9.313444,0.622492,1.381454,9.112331,0.641646,1.570596,10.838552,-0.31364,0.847547,10.508151,Elephant
0.057461,4.237737,8.396465,1.113304,3.617639,9.962274,0.538695,3.610456,8.633492,-1.841141,1.893813,6.981492,-1.422156,1.465251,12.026075,-0.265756,2.964022,7.908048,-0.715866,3.58412,8.805874,-0.251391,3.742137,12.325351,1.807622,1.510741,13.599066,4.434062,1.290475,7.874529,Elephant
-0.158017,4.156334,9.306262,0.19393,3.117251,8.822633,-0.153229,3.876213,8.616732,0.636858,3.806781,8.707711,0.775721,3.835511,9.267955,0.023942,4.211401,8.688558,-0.076614,3.143587,11.556811,0.730232,2.695871,11.765107,-2.243367,3.196259,6.727707,-1.165976,3.318364,9.040505,Elephant
0.292093,2.011129,12.603078,3.009511,2.291251,9.392453,0.823605,2.030283,9.749189,0.416591,2.458845,8.705317,0.040701,2.0231,10.299856,0.196325,2.1883,8.192958,0.565032,1.225831,12.318168,-0.325611,2.645593,8.681376,0.701501,2.303222,9.911995,2.545036,1.78368,14.118608,Elephant
-0.335188,2.944868,10.15381,-0.447716,2.533065,9.708488,0.565032,2.346318,8.690952,1.642422,2.722207,9.095572,1.144428,2.760514,10.096349,0.629675,2.209848,9.921572,0.134075,2.616863,9.52174,-0.19393,0.766145,11.719617,1.776498,0.651223,14.738706,0.112527,2.090138,6.062119,Elephant
-0.213084,2.427721,9.631873,-0.208296,2.427721,10.297462,-0.107739,2.466028,10.278308,-0.131681,2.497152,10.014946,-0.059855,2.477999,9.739613,-0.069432,2.506729,9.753978,-0.126893,2.624045,9.959879,-0.248997,2.636016,9.981427,-0.316035,2.636016,9.698911,-0.52433,2.801216,9.490616,Elephant
-1.225831,3.263297,9.129091,-1.434127,3.414132,8.858546,-2.11408,3.746926,8.880095,-2.243367,3.830723,8.015787,-1.30484,3.89776,9.437943,-1.726219,4.446033,8.360553,-0.35913,2.964022,8.992621,1.359907,1.881842,9.40203,0.258574,2.439692,10.99178,1.47004,3.021482,7.551312,Elephant
-0.466869,2.181118,9.018958,-1.539472,2.418144,9.631873,-0.581791,2.834735,9.375694,1.345541,1.805228,12.124237,2.379837,1.142034,7.836222,2.240973,1.826776,9.660604,2.401384,1.355118,10.316615,0.814029,2.011129,8.784326,0.469264,1.024718,10.453085,1.690306,1.13964,11.274296,Elephant
0.196325,4.316746,8.822633,0.342371,4.316746,8.999804,0.445322,4.34787,8.975863,0.656011,4.295198,9.251195,0.70629,4.259285,9.52174,0.682347,4.259285,9.660604,0.718261,4.22816,9.785102,0.828394,4.046201,10.041282,0.859518,3.845088,10.232818,0.64404,3.734955,9.959879,Elephant
0.68953,2.013524,8.643068,-0.308852,1.910573,9.270349,-0.217872,2.166753,9.703699,0.002394,2.592921,9.67018,0.433351,2.106898,8.219295,-0.823605,0.943315,6.636727,-0.490811,-0.177171,11.353305,-0.641646,0.849942,9.248801,-2.545036,1.209072,8.901642,-1.513135,2.418144,10.041282,Elephant
0.586579,5.389348,10.101137,1.592144,7.026982,11.207258,3.069367,9.138668,10.086772,-0.955287,-1.551443,0.069432,-1.034295,-1.347936,-0.064643,-0.878672,-0.873884,-0.220267,-25.356991,-0.292093,16.033968,-2.47321,-7.206547,0.184354,-3.620033,-4.958392,-0.026336,-0.332794,-0.270545,0.033519,Wild_Boar
-1.364695,11.295844,28.589163,-0.260968,-0.387861,-0.174777,-0.237026,-0.320823,0.02873,-0.227449,-0.237026,0.033519,-0.11971,-0.196325,0.100556,15.545551,-3.069367,-31.1749,-0.253785,-0.914585,-0.100556,-0.222661,-0.859518,0.002394,-2.477999,-7.967903,-11.030087,0.335188,0.332794,5.45878,Wild_Boar
0.117316,8.374918,3.955221,-0.296881,8.856153,3.608062,-0.143652,10.081984,2.181118,-1.604115,8.576031,4.29041,-1.204283,9.526528,1.989582,-0.126893,-0.040701,-0.035913,-0.100556,-0.095768,-0.023942,-0.071826,-0.076614,-0.043096,-5.123591,-24.868572,-1.733402,-8.063671,-38.233006,-0.270545,Wild_Boar
0.646434,2.011129,3.890578,-0.531513,-0.280122,0.009577,-0.464475,-0.158017,-0.019154,-0.371101,-0.095768,-0.014365,-0.287304,-0.014365,0.07422,11.097125,-70.334465,54.025162,-0.59855,-3.871424,0.031125,-3.433285,-7.127539,-0.043096,-0.174777,-0.943315,-0.033519,-0.550666,3.61285,-1.09415,Wild_Boar
-2.154782,12.368446,12.172121,-0.799663,-0.311246,0.016759,-0.849942,-0.493206,-0.033519,-0.897826,-0.469264,-0.196325,-0.703895,-0.301669,-0.299275,-37.368702,-0.086191,78.410103,-1.211466,-0.811634,0.035913,-1.144428,-0.636858,-0.11971,-0.107739,-0.318429,-0.502782,-0.344765,-0.979228,-5.334281,Wild_Boar
1.991976,1.321599,11.303026,2.32477,0.653617,11.786655,2.087744,-0.126893,12.466608,1.944092,-0.943315,13.22557,1.836353,-1.369483,14.444219,1.383849,-1.632846,15.583858,1.45328,-1.398214,15.981297,1.007959,-0.545878,14.202404,2.937685,1.175553,12.993333,4.786009,0.296881,11.446678,Wild_Boar
-3.691859,5.439626,9.25359,-8.470686,12.909535,27.564444,-9.91439,13.424289,32.807747,-7.575254,12.658144,32.676064,-2.430115,10.79785,27.157431,-0.153229,8.293514,19.349937,-0.351948,1.865083,9.564836,-1.671153,-1.975216,0.92895,-1.762132,-2.195483,-0.110133,-1.762132,-2.149993,-0.02873,Wild_Boar
-15.358804,10.675745,58.708221,-1.917756,-4.601655,-0.102951,-1.608904,-2.468422,0.02873,0.383072,-2.908955,0.186748,0.579397,-3.148375,0.04549,-0.162806,-2.229002,-1.055843,5.116409,72.091805,-12.734758,-4.388572,-34.397495,0.622492,1.357512,-26.965893,-0.186748,-17.240646,-41.927261,-0.162806,Wild_Boar
-0.646434,1.714248,10.201694,-1.125275,2.822764,17.27177,-0.172383,-1.398214,2.906561,-0.191536,-2.011129,0.0,-0.059855,-1.881842,-0.153229,-0.055067,-1.980005,-0.742203,0.395043,-2.30801,0.162806,10.860099,-20.657173,26.76478,-6.888118,15.86398,-3.775656,-0.591368,-1.170765,32.549171,Wild_Boar
-6.835446,11.468226,42.202595,-0.117316,-0.208296,-0.263362,-0.110133,-0.201113,-0.014365,-0.117316,-0.179565,0.007183,-0.083797,-0.141258,-0.043096,-0.033519,-0.064643,-0.081403,-0.663194,-3.280056,-0.064643,-0.768539,-3.10528,-0.059855,-7.975086,-17.791313,-0.70629,-0.646434,-2.568978,-0.04549,Wild_Boar
-4.685453,2.317587,7.524976,-3.421314,1.862689,9.536105,-1.312023,2.006341,10.656591,-0.938527,1.501164,9.653421,-2.913743,2.494758,7.929596,-3.998317,3.397372,9.112331,-1.558625,4.568137,12.270284,0.97444,5.437232,14.863204,0.414197,6.715736,15.198392,-0.464475,8.801085,20.436905,Wild_Boar
1.290475,-1.848324,30.047232,-0.02873,-0.162806,-0.134075,-0.02873,-0.158017,0.038307,-0.023942,-0.172383,0.148441,-0.057461,-0.191536,-0.004788,-56.931721,52.887917,-12.200851,-0.919373,-1.82917,0.038307,-0.09098,-1.932121,-0.040701,-1.917756,-13.354857,-0.177171,1.987187,-1.92015,-30.751127,Wild_Boar
-2.209848,2.72939,16.304514,1.206678,-0.593762,24.298754,-1.285686,-2.863465,0.962469,-5.899313,-3.878607,-1.508347,-3.744531,-9.052477,-5.331887,-2.652776,-4.707001,1.154005,-0.052672,-0.423774,-0.232238,-0.402226,-0.383072,0.004788,0.301669,-1.987187,0.069432,-4.850653,-0.586579,-8.595184,Wild_Boar
2.178724,5.66947,12.152967,-0.871489,7.192182,11.722012,-4.019865,2.990358,11.056423,-0.244209,5.360618,7.680599,2.595315,1.917756,1.247379,4.158728,-1.165976,-0.342371,1.338359,-8.042124,-2.63841,-0.984017,-3.215413,0.603339,-27.135881,-4.501099,1.405396,-26.125528,-3.526659,1.192312,Wild_Boar
0.514753,0.016759,3.773262,-0.787692,-0.828394,0.02873,-0.744597,-0.665588,-0.064643,-0.682347,-0.462081,-0.260968,-77.679871,77.14357,-16.661249,-14.472949,-1.807622,0.797269,-10.275913,1.355118,1.106121,-9.248801,1.053449,0.392649,-49.052406,-0.095768,29.506142,-8.571242,0.35913,41.515457,Wild_Boar
-3.210624,2.149993,7.285556,-0.493206,0.61531,8.590396,2.171541,0.366313,12.01171,2.703054,3.320758,25.622747,0.620098,-1.285686,6.833052,-6.821081,-1.762132,2.975993,-3.857059,-4.376601,2.70066,-0.292093,-14.841657,0.296881,-1.300052,-5.140351,0.153229,-16.522387,-1.479617,1.254562,Wild_Boar
-1.58975,1.666364,8.540117,-2.442086,0.88346,15.751453,3.011906,3.986346,25.067291,-1.328782,-1.82917,1.458069,-4.383783,-3.962404,-1.012747,-1.869871,-10.745177,0.658405,-1.82917,-6.871359,0.998382,-0.1652,-1.194707,-0.177171,-0.174777,-1.098939,0.050278,-10.139444,-17.523163,29.360096,Wild_Boar
0.459687,4.599261,11.195287,1.244985,9.196129,30.324959,0.086191,0.732626,4.491522,-2.576161,-3.787627,-3.73256,-3.399766,-8.449138,0.0,-0.691924,-2.944868,0.011971,-17.389088,-4.192247,8.628703,-2.286463,-2.001553,0.114922,-2.343924,-3.107674,0.112527,-24.18862,-22.677879,78.127586,Wild_Boar
4.625597,4.074931,11.686098,1.915361,4.237737,9.947908,-0.969652,9.318233,15.148114,1.668759,4.793192,9.73243,-4.218584,-2.08535,-5.207389,-4.711789,-5.583278,2.626439,1.285686,-19.91497,-0.588974,-2.078167,-7.144298,1.244985,-0.727837,-0.052672,-0.179565,-0.459687,0.011971,0.019154,Wild_Boar
-2.454057,4.065354,6.86657,0.059855,3.107674,9.155427,1.582567,2.875436,11.20247,-1.240196,2.547431,9.610326,-1.288081,2.767697,7.613562,-1.503559,3.062184,7.654263,0.251391,2.944868,8.145074,1.371878,2.717419,9.502586,2.217031,2.616863,10.405201,1.510741,2.628834,9.054871,Wild_Boar
-1.819593,6.244078,7.398083,0.069432,6.047753,7.264008,1.917756,7.841011,10.120291,-2.183512,7.742848,10.352529,-0.684742,-1.343147,0.02873,-0.758962,-0.962469,0.014365,-4.697424,-0.711078,0.354342,-2.726996,-12.459426,0.11971,53.29493,-18.406622,-5.389348,-0.409408,-1.853112,-7.163452,Wild_Boar
-0.68953,-0.318429,0.069432,27.902027,77.239342,-1.941698,0.344765,-10.603919,12.868834,-3.093309,-4.898537,0.3304,6.141128,-11.255142,15.239094,-5.717354,-20.661961,0.943315,0.866701,-8.315063,1.33357,-0.294487,-0.246603,0.026336,51.666874,-24.823084,46.236824,-0.083797,-1.300052,0.148441,Wild_Boar
1.594538,5.530606,7.065289,-0.562637,4.649539,7.563283,1.144428,4.738125,10.043676,-2.166753,4.278439,10.208876,0.201113,1.671153,-0.143652,-0.043096,-0.21069,0.069432,-0.526724,-16.136919,0.246603,2.193089,-4.074931,8.434772,-5.020641,-13.393165,12.392388,-0.428562,-1.189918,-0.011971,Wild_Boar
-3.58412,6.684611,4.989516,-4.031836,6.330269,5.015852,-0.356736,-0.124498,0.043096,2.466028,5.911284,-17.954119,-3.210624,-0.526724,0.129287,-2.458845,-3.122039,-0.079009,-0.081403,0.004788,-0.543484,-1.417367,0.667982,-12.363658,-1.058237,0.744597,-9.935937,-0.866701,0.830788,-9.358934,Wild_Boar
-1.580173,5.001487,3.318364,-0.3304,-0.215478,-0.007183,-0.23942,-0.143652,0.011971,-12.196063,-5.226542,4.865018,-9.691729,1.726219,11.563994,-3.830723,0.31364,-5.178658,-1.189918,0.790087,9.301474,-1.067814,0.476446,10.0748,-1.000776,0.466869,9.76116,-1.09415,0.483629,9.864111,Wild_Boar
-2.762909,6.775591,5.346252,-0.134075,6.014235,6.576872,-2.104503,3.41892,14.264654,-5.422867,8.001422,1.714248,-6.521805,5.619191,12.921507,-6.090849,4.848258,10.21127,-2.267309,4.668694,5.592855,0.217872,3.895366,0.849942,-0.043096,-0.076614,0.076614,-0.035913,-0.093374,0.205901,Wild_Boar
-2.161964,8.892065,1.142034,-0.263362,-0.102951,0.038307,-0.174777,-0.064643,0.095768,-16.424223,-21.84709,1.611298,-0.703895,1.70946,-5.295974,0.703895,-0.215478,28.596346,-0.653617,2.059013,16.007633,0.591368,0.782904,8.791509,0.459687,0.859518,10.146626,0.371101,1.039083,9.787497,Wild_Boar
-1.702277,9.083601,10.524911,1.47004,6.34224,13.254301,-4.209007,3.983952,-3.53863,-10.287885,-3.22499,-4.359841,-1.256956,-0.842759,0.208296,-3.545813,5.353435,0.328006,-0.521936,-2.873042,-1.546654,-0.40462,0.940921,4.491522,0.402226,1.201889,11.860875,-0.775721,0.751779,9.524135,Wild_Boar
-41.103653,-78.340675,78.199417,8.834604,-14.508862,11.204864,0.835576,0.143652,2.892196,0.940921,-3.957615,6.576872,2.013524,-4.22816,7.941567,0.433351,-3.234566,9.842564,-0.136469,-3.684676,9.64145,0.847547,-3.430891,9.646238,1.61848,-2.63841,9.114726,2.269703,-3.497929,12.253524,Wild_Boar
-2.080561,6.076484,7.987057,0.797269,5.418078,8.027759,1.446098,5.329493,8.987833,-1.719037,10.795456,9.330204,3.651158,9.160215,8.034941,-1.079785,5.78918,-0.349553,-8.00621,3.533842,-4.699818,-13.919888,-9.55047,-9.224859,-0.102951,-0.229843,0.052672,0.086191,-3.131616,0.052672,Wild_Boar
-2.264915,3.931279,12.37084,0.691924,0.646434,15.423448,1.501164,-1.508347,9.854534,-12.79222,1.154005,-0.770933,-11.008539,1.855506,2.152387,-10.723629,-5.992687,0.78051,-0.25618,-1.039083,-0.004788,-39.454048,-59.230156,-3.519476,-13.376405,-5.872977,-0.962469,5.942409,-1.103727,13.383588,Wild_Boar
-0.4956,6.845023,8.267179,4.335899,5.310339,14.324509,2.200271,6.107608,7.654263,-5.427655,4.292804,0.225055,-11.295844,0.663194,0.639252,-13.754689,-6.454768,0.876278,-0.466869,-2.358289,-0.105345,-59.143963,-77.603256,19.668367,-10.524911,-4.659117,-11.513716,-1.197101,-0.339977,0.059855,Wild_Boar
1.101333,3.296816,11.518504,-1.091756,1.175553,11.626244,2.432509,2.401384,13.989321,2.116474,3.404555,5.221754,-5.679047,6.318298,1.122881,-15.516821,-2.274492,0.131681,-0.136469,-0.225055,-0.079009,78.175476,-78.323914,-69.415092,-0.225055,-0.160412,-0.007183,2.097321,4.223372,-42.580875,Wild_Boar
0.818817,2.844312,19.263746,1.592144,1.513135,11.298238,-6.988675,1.790863,0.979228,-12.483368,-0.203507,1.862689,-0.205901,-1.522712,-0.079009,-2.212242,-12.330139,0.076614,-0.605733,-3.22499,0.023942,2.15957,-5.95438,-0.490811,0.100556,0.287304,-1.156399,-0.538695,-0.095768,-2.949656,Wild_Boar
0.995988,5.061342,10.879252,1.015141,5.868188,15.449783,1.18513,4.050989,14.693215,0.538695,2.530671,11.619061,-1.522712,2.942474,9.840169,-0.553061,4.422091,11.901577,1.23062,4.884171,12.320562,1.944092,4.709395,12.026075,2.0231,5.580884,13.311762,2.44448,5.212177,12.876017,Wild_Boar
0.126893,2.3535,7.477092,3.957615,-2.331953,5.358223,14.322115,-3.715801,8.322245,10.845734,-20.305225,4.304775,-4.958392,-21.042639,-0.162806,-4.709395,-21.06658,-0.189142,-1.106121,-4.362236,-0.033519,3.541024,-18.136078,3.445256,2.480393,-6.224925,1.493982,1.18513,-0.600945,28.981812,Wild_Boar
-2.025495,0.567426,10.733206,4.84347,-1.630451,18.504786,0.620098,-4.201824,0.392649,-0.526724,-4.711789,-0.011971,-1.661576,-4.254497,-0.189142,-18.669985,-28.431145,0.423774,-0.174777,-0.31364,0.0,1.807622,-6.062119,-0.672771,-9.849746,-8.188169,72.213913,-1.42455,-1.927332,16.091429,Wild_Boar
-1.398214,-1.005565,9.677363,-1.482011,-0.97444,9.665392,0.557849,-1.740585,7.472303,-5.434838,-4.182671,9.861717,-9.859323,-1.642422,-0.191536,-21.004332,-6.026206,-2.870648,-3.495534,-15.188815,-0.129287,-3.524265,-15.042769,-0.174777,-3.529053,-15.073894,-0.162806,74.565018,75.989571,14.698004,Wild_Boar
0.292093,3.526659,7.539341,2.118869,0.299275,7.517793,6.066907,-6.979098,7.228095,5.061342,-7.149086,6.811504,5.252879,-6.756437,2.839523,5.521029,-6.497863,1.278504,7.594408,-8.315063,1.458069,1.49877,-17.683575,-0.670376,-3.890578,-17.125725,-0.064643,-3.557784,-16.869545,-0.957681,Wild_Boar
-0.433351,4.242526,8.640674,0.42138,4.426879,8.5473,-0.275333,4.596867,10.149021,0.258574,4.431667,9.792285,-0.217872,3.938462,8.607155,0.572214,3.801992,8.645462,0.031125,4.855441,8.406042,0.237026,4.544195,8.954314,-0.004788,4.383783,8.937555,0.124498,4.355053,9.009381,Deer
0.174777,2.911349,9.500193,0.064643,2.956839,9.275137,0.248997,2.899378,9.076419,0.098162,2.880225,9.449914,0.057461,2.875436,9.56723,0.138864,2.806004,9.442732,-0.04549,2.882619,9.346964,0.189142,2.791639,9.366117,0.093374,2.786851,9.423578,0.169988,2.834735,9.363723,Deer
-1.910573,4.493917,8.678981,-1.683124,4.491522,8.78672,-2.363077,4.745308,8.643068,-1.158794,4.915296,8.805874,-1.939303,4.728549,8.793902,-1.017536,4.48434,8.441956,-1.42455,4.13718,8.834604,-0.837971,4.41012,8.50181,-1.256956,4.182671,8.334216,-1.089362,4.256891,8.62152,Deer
-1.503559,3.569755,8.274361,-1.053449,3.466804,8.753201,-1.877054,3.49314,8.705317,-0.857124,3.277662,8.121132,-2.171541,3.356671,8.327033,-0.85473,3.251326,9.002198,-1.802834,3.521871,9.847352,-1.608904,3.430891,9.064447,-1.031901,3.066972,9.794679,-1.685518,2.911349,9.380483,Deer
-1.671153,3.526659,9.950302,-1.467646,3.13401,9.064447,-1.422156,2.767697,9.368511,-1.474828,2.741361,9.68694,-1.443704,2.834735,8.762778,-1.422156,2.425326,9.248801,-1.47004,2.382231,7.757214,-1.474828,2.504335,9.411607,-1.644817,2.401384,9.888053,-2.042254,2.48997,8.951921,Deer
-2.343924,3.591303,10.642226,-2.274492,2.762909,9.387665,-2.726996,2.760514,10.036493,-2.331953,3.325546,9.01417,-2.408567,2.597709,9.739613,-2.590526,1.980005,8.841787,-2.961627,2.169147,8.978256,-2.645593,2.262521,9.631873,-1.884237,2.092532,8.623915,-2.406173,2.133234,9.739613,Deer
-1.620875,3.641581,8.781932,-1.644817,3.684676,8.815451,-1.66397,3.564966,9.174581,-1.73819,3.497929,8.987833,-1.774103,3.378219,8.908825,-1.841141,3.323152,9.141062,-1.860295,3.423708,8.963891,-1.891419,3.457227,8.896853,-1.757344,3.473987,8.973468,-1.733402,3.536236,9.109938,Deer
-1.769315,8.432379,3.967192,-1.762132,8.027759,4.750096,-1.75495,7.369353,5.770026,-2.468422,8.224083,7.043741,-1.594538,7.520187,5.058948,-1.371878,7.843405,6.933608,-1.376666,7.934384,5.963956,-1.154005,7.489063,7.101202,-1.594538,7.302315,3.730166,-0.208296,8.401254,5.98311,Deer
-0.799663,7.338228,5.815516,0.339977,7.125144,5.216966,-0.23942,7.36217,6.864176,-0.732626,6.6894,6.47871,-0.440533,6.943185,6.162675,-1.221043,6.390124,6.07409,-0.442927,6.38773,7.651869,-1.714248,6.124368,7.726089,-1.096544,5.985504,6.569689,-1.276109,6.586449,7.872135,Deer
-1.96564,6.531382,7.524976,-2.389413,5.932832,7.515399,-1.927332,6.540959,7.36217,-1.228225,5.992687,7.21373,-1.419762,5.829881,8.738836,-1.25935,6.040571,8.767567,-0.840365,5.171476,5.331887,-1.889025,5.540183,8.121132,-1.489193,6.40449,6.720524,-1.307234,5.707777,6.904878,Deer
-1.201889,6.981492,6.052542,-1.015141,6.947973,6.926425,-0.92895,7.352593,8.149862,-0.768539,6.907272,7.615956,-0.385466,6.926425,7.874529,-1.058237,6.91206,11.089942,0.138864,6.878541,7.28795,-1.364695,5.700594,7.864953,-0.670376,6.208165,6.821081,-1.173159,6.040571,7.252037,Deer
-2.990358,6.540959,6.512228,-2.686294,7.146692,6.600814,-2.873042,6.696582,7.656657,-2.987964,7.074866,5.50427,-2.537854,6.435614,5.619191,-2.614468,7.204153,8.700529,-3.39019,6.397307,8.054094,-2.846706,5.65271,8.116343,-2.583344,6.01184,4.824317,-3.011906,5.83467,7.352593,Deer
-1.865083,6.035782,7.331046,-2.255338,6.380548,8.276755,-2.104503,6.754043,6.622362,-1.764527,6.876147,7.096414,-1.999158,6.916849,5.990293,-1.66397,6.203377,7.357382,-1.209072,6.23929,8.623915,-1.47004,5.928043,5.851429,-2.252944,6.05733,8.449138,-1.070208,6.160281,6.67264,Deer
-1.58975,5.525817,7.97748,-1.58975,5.482722,8.580819,-1.642422,5.434838,8.889671,-1.807622,5.516241,8.746018,-2.008735,5.430049,8.26239,-2.020706,5.228937,7.426814,-1.613692,5.051765,6.244078,-1.25935,5.588067,7.117962,-0.921768,5.621585,9.045294,-1.778892,5.50427,9.390059,Deer
-2.753332,6.746861,6.327875,-2.657564,6.088455,5.820304,-3.833117,5.930438,6.696582,-3.713407,7.280767,7.706935,-3.387795,7.101202,6.416461,-3.442862,6.272809,6.981492,-3.46441,6.835446,9.208099,-3.459621,6.665458,6.739678,-3.397372,6.512228,6.203377,-3.292027,6.421249,5.295974,Deer
-2.11408,6.873753,7.33344,-1.936909,6.6894,7.924808,-2.183512,6.07409,9.636662,-1.984793,7.230489,7.838616,-3.100491,6.215348,6.619968,-3.641581,5.221754,7.230489,-2.3535,6.263232,6.449979,-1.06542,6.473921,7.524976,-2.075773,5.81791,7.04853,-2.841918,6.038177,5.825093,Deer
-2.530671,6.169858,7.515399,-2.552219,6.081272,6.368577,-2.868254,5.985504,6.138733,-2.142811,6.687006,8.032547,-2.784456,6.258443,7.405266,-1.532289,6.572083,9.167398,-1.889025,6.641516,9.222465,-2.317587,5.841852,7.745243,-3.356671,5.279215,9.114726,-3.392584,5.571307,7.908048,Deer
-2.719813,5.93762,7.733272,-3.222595,6.095637,7.671022,-3.301604,4.582502,6.732495,-3.488352,4.845864,8.552089,-2.264915,5.825093,8.025364,-3.284845,5.363012,8.568848,-2.992752,5.33907,7.989451,-3.277662,4.72376,8.159439,-3.8403,4.565742,8.384495,-3.28245,5.078102,6.907272,Deer
-3.624821,5.65271,7.764396,-3.409343,4.994305,7.228095,-3.227384,5.11162,8.350976,-3.576937,5.058948,6.88333,-2.576161,5.0374,7.548918,-3.28245,5.240908,7.656657,-2.681506,4.900931,6.205771,-3.280056,4.1707,7.824251,-3.196259,4.479551,8.441956,-3.699042,4.654328,8.477868,Deer
-2.896984,6.969521,6.402095,-3.701436,7.184999,7.132327,-3.08852,7.026982,6.871359,-3.119645,6.514623,5.12838,-3.387795,6.229713,6.327875,-2.049437,6.294356,6.540959,-3.040636,6.246472,8.942344,-3.519476,5.774815,8.671799,-2.784456,6.179435,7.055712,-1.831564,5.616797,6.804321,Deer
-4.357447,7.050924,4.441244,-3.263297,7.017405,5.530606,-3.462016,7.096414,5.585672,-4.194642,6.696582,6.397307,-4.046201,6.481104,6.172252,-3.375824,6.347029,5.717354,-4.762067,5.880159,7.146692,-2.434903,6.382942,4.757279,-4.687847,5.906496,5.08289,-2.829947,7.924808,5.851429,Deer
-3.222595,4.994305,8.542512,-3.849876,4.912902,6.742072,-4.331111,4.185065,8.255207,-4.122815,4.204218,6.998251,-4.343082,5.102044,6.114791,-3.46441,4.774038,7.821857,-5.063736,5.11162,9.018958,-4.182671,4.661511,9.078813,-3.236961,4.345476,7.632715,-3.751714,4.182671,7.33344,Deer
-4.493917,4.161122,7.999028,-3.878607,4.168305,8.188169,-3.998317,4.850653,7.45315,-3.057395,5.26485,8.362947,-4.465186,4.479551,7.939173,-3.404555,4.596867,8.791509,-4.613626,4.441244,8.274361,-2.911349,4.537012,8.157045,-4.168305,3.600879,7.730877,-3.08852,4.402937,6.823475,Deer
-3.567361,4.321534,8.092402,-4.019865,4.125209,8.50181,-3.406949,4.338294,7.94875,-3.20823,4.378995,8.53054,-3.620033,4.357447,7.881712,-2.72939,4.642357,8.446744,-3.593697,4.072537,8.334216,-3.854665,4.175488,8.437167,-3.066972,4.307169,7.888895,-3.667917,4.098873,7.946355,Deer
-3.881001,3.861847,8.451532,-3.205836,3.94325,8.331821,-3.404555,3.768473,7.90326,-3.452439,3.859453,8.827422,-3.46441,3.895366,8.303091,-2.94008,4.853047,7.78355,-3.476381,4.46758,8.147469,-3.289633,4.086902,8.219295,-3.083732,3.744531,8.468291,-3.332729,3.184288,9.610326,Deer
-3.550601,2.734178,9.229648,-3.057395,3.421314,7.824251,-2.437297,3.174711,8.104373,-3.229778,2.686294,9.737218,-3.77805,2.746149,9.255983,-3.457227,3.002329,9.718064,-3.117251,3.198653,8.540117,-2.782062,3.239355,8.209718,-3.098097,3.505111,8.705317,-3.574543,3.902549,8.482656,Deer
-3.895366,3.433285,9.155427,-3.677494,3.387795,7.864953,-3.529053,3.737349,8.542512,-3.280056,4.192247,7.223307,-3.598485,4.867412,7.848193,-3.402161,4.776433,8.722076,-3.301604,5.006276,7.012617,-3.272874,4.702212,7.256825,-3.428497,4.036624,7.644686,-3.071761,3.758897,9.595961,Deer
-3.576937,4.48434,8.379706,-3.478775,3.801992,8.209718,-3.519476,3.153164,8.523358,-4.668694,3.102885,8.731653,-4.007894,3.141193,8.303091,-4.683059,1.87466,6.754043,-2.602497,3.160346,8.631097,-3.761291,2.86586,9.497798,-4.532224,2.53546,9.449914,-4.180276,2.358289,9.945514,Deer
-3.10528,4.920084,7.366959,-2.257732,4.216189,9.157822,-3.639187,4.225766,7.685388,-2.621651,4.671088,7.347805,-2.559402,4.568137,9.885659,-3.287239,4.48434,7.03177,-2.351106,5.020641,7.843405,-3.385401,4.510676,7.757214,-2.944868,4.742914,7.606379,-2.449268,4.304775,9.284714,Deer
-3.615245,2.573767,8.827422,-4.630386,2.406173,8.611943,-4.599261,2.86586,9.143456,-4.194642,2.705448,8.288726,-3.931279,3.114856,7.896077,-4.204218,3.174711,8.106767,-4.462792,2.918532,8.159439,-5.662287,2.523489,8.973468,-4.276044,3.023877,7.632715,-5.853823,3.354277,8.841787,Deer
-3.047819,2.475605,9.392453,-4.941632,4.053383,11.554418,-2.844312,4.335899,8.561666,-3.94325,4.149151,9.066842,-3.593697,3.430891,7.417237,-2.434903,3.969586,7.510611,-5.341464,4.853047,9.974244,-2.961627,3.660734,11.506534,-3.761291,3.945644,8.568848,-3.366248,3.567361,7.101202,Deer
-3.469198,3.165135,8.147469,-2.911349,2.731784,8.434772,-2.829947,2.691083,9.227253,-2.815581,2.671929,9.368511,-3.035848,2.889802,9.507375,-3.141193,2.839523,9.476251,-3.241749,2.695871,8.884883,-2.956839,2.643199,8.365341,-2.875436,2.791639,8.566454,-3.047819,2.896984,8.966286,Deer
-3.167529,5.638345,7.714118,-3.981557,5.020641,7.627927,-3.426103,5.396531,5.691018,-3.234566,4.525041,10.682928,-3.65834,4.60405,9.325416,-3.622427,4.613626,8.171411,-3.244143,4.508282,6.23929,-3.035848,4.74052,5.932832,-2.858677,5.109226,7.666234,-2.784456,4.649539,9.14585,Deer
-6.830657,2.973598,4.754885,-5.032612,6.813898,5.798757,-7.682993,3.77805,5.003881,-5.300763,3.718195,5.444415,-5.410896,3.885789,7.630321,-4.697424,4.1707,9.01417,-1.534683,0.347159,9.339781,-2.545036,-3.813963,13.424289,2.360683,3.892972,8.853758,0.191536,2.932897,11.57836,Deer
-4.338294,6.457162,7.888895,-3.28245,5.647922,7.249643,-4.13718,4.551377,9.090784,-5.726931,5.509058,6.452374,-3.799598,4.850653,7.5561,-4.802769,4.515464,7.352593,-5.312734,5.097255,8.231265,-3.560178,4.977545,7.252037,-4.659117,4.900931,6.576872,-3.737349,4.932055,7.70933,Deer
-5.741296,5.619191,7.290344,-3.605668,5.597643,7.328651,-4.853047,6.354211,9.062054,-2.264915,6.624756,7.917625,-3.801992,6.677429,7.338228,-2.073379,6.064513,8.219295,-4.335899,5.238513,8.525752,-4.498705,5.343858,7.189788,-5.597643,5.025429,4.697424,-9.334992,3.361459,8.937555,Deer
-4.520253,6.260838,5.542577,-4.005499,6.670246,5.29358,-3.150769,7.156269,5.166687,-2.784456,7.714118,5.257667,-2.513912,7.603985,6.112397,-2.657564,6.849811,6.397307,-3.361459,6.224925,5.667076,-3.967192,5.808333,5.147533,-3.909731,5.741296,5.408502,-3.541024,6.066907,6.430826,Deer
-0.172383,2.528277,8.825027,1.082179,2.741361,8.992621,2.087744,2.504335,9.560047,2.578555,2.810793,8.607155,1.331176,2.856283,8.269572,1.053449,3.095703,8.485051,-1.795651,0.567426,12.945449,-1.623269,0.459687,13.091495,-1.340753,0.215478,12.703634,-1.45328,0.174777,11.556811,Elephant
-1.917756,3.04303,4.927267,-2.054225,2.442086,10.036493,-3.004723,3.981557,9.684546,-2.207454,4.096479,8.329428,-0.840365,-0.191536,13.132196,-1.740585,0.773327,8.228871,-1.09415,3.169923,10.307038,-4.120421,0.926556,9.459491,-3.603274,0.703895,7.007828,-0.136469,-1.819593,13.809755,Elephant
2.966416,2.166753,10.16578,1.656788,2.384625,9.540894,-0.921768,2.975993,8.183381,-1.73819,3.77805,9.464279,-1.273715,4.869806,8.47308,-1.221043,3.031059,7.335834,0.507571,2.75812,7.134721,-0.866701,3.308787,8.001422,-2.305616,3.957615,9.212888,-0.916979,3.632004,13.800179,Elephant
0.667982,1.357512,11.140221,-0.459687,2.784456,5.949591,-0.90022,3.44765,11.020511,-2.049437,3.900155,11.176133,-3.792415,0.533907,8.075643,-0.047884,2.015918,7.218518,0.486023,3.857059,8.78672,3.325546,4.886566,11.499351,1.529895,2.494758,5.609614,-0.792481,2.96881,7.206547,Elephant
-2.171541,4.175488,8.571242,-2.020706,4.563348,8.061277,-0.866701,2.394202,8.628703,-0.746991,1.42455,13.007698,-1.393425,3.423708,6.399701,-2.331953,2.56419,8.499416,0.787692,3.811569,11.563994,0.718261,3.569755,8.327033,-0.428562,0.802058,15.057135,0.670376,2.786851,8.566454,Elephant
-0.845153,2.870648,8.887277,1.960851,4.01747,10.216059,-1.127669,2.413355,7.939173,-1.493982,2.427721,6.727707,-2.25055,2.789245,12.145785,0.696713,3.361459,6.639122,3.026271,4.479551,12.126632,-0.28491,2.027889,7.723695,-5.355829,4.718972,5.260061,-1.280898,2.403779,8.652645,Elephant
1.84593,0.483629,16.78096,1.659182,0.201113,16.500837,2.892196,0.390255,14.305355,3.220201,0.332794,13.053187,2.248155,0.23942,11.894394,1.005565,0.85473,10.441113,0.09098,1.426944,9.076419,-0.744597,2.224213,8.073248,-1.240196,2.72939,7.194576,-1.659182,2.887407,6.840234,Elephant
1.407791,2.789245,7.163452,1.070208,2.619257,8.384495,0.263362,2.686294,10.108319,-0.916979,2.513912,11.224017,-2.212242,2.873042,11.099519,-2.511518,3.74932,9.751583,-1.441309,5.169082,7.541735,-0.885855,6.098032,4.979939,-1.309628,5.963956,5.097255,-1.637634,3.406949,9.560047,Elephant
1.244985,0.275333,9.770737,2.468422,2.497152,8.858546,1.077391,-0.677559,16.464926,-2.109292,2.23379,9.679757,-0.730232,1.326388,6.773197,-0.85473,3.490746,8.264784,-0.244209,2.861071,8.360553,2.451663,1.678335,9.169792,1.922544,3.691859,8.441956,0.505177,1.489193,9.210494,Elephant
-1.719037,-0.521936,6.579266,-1.932121,0.215478,8.066066,-0.562637,0.97444,8.001422,2.003947,0.921768,10.093954,2.044648,-1.163582,16.220716,-1.242591,-0.457293,9.876082,1.563414,0.957681,8.14268,1.517924,1.584962,8.415619,2.559402,2.576161,9.308656,-1.39582,0.588974,15.775395,Elephant
-0.390255,1.683124,10.910378,-0.3304,0.354342,12.531252,0.038307,-0.581791,14.812926,-0.011971,-0.670376,14.551958,-0.234632,-0.342371,10.972627,0.1652,0.548272,7.290344,0.593762,1.233014,5.944803,0.201113,0.936133,7.31668,-0.493206,0.794875,9.224859,-1.051055,0.988805,10.328587,Elephant
3.32794,-1.810017,14.647726,-1.120486,-0.502782,10.395624,-0.754174,1.632846,4.194642,0.150835,2.035071,10.548853,2.183512,1.125275,8.516175,1.355118,0.962469,5.307945,4.031836,0.328006,8.793902,1.33357,-2.896984,18.131289,-1.041478,-0.21069,12.349293,-0.316035,0.031125,6.818686,Elephant
-0.229843,3.679888,8.947132,2.346318,4.489128,8.784326,0.916979,4.666299,7.36217,0.423774,4.551377,7.536947,-0.672771,3.993528,6.818686,0.402226,4.07972,9.907207,0.454898,1.790863,10.496181,0.009577,2.051831,8.468291,1.216254,2.908955,8.078036,4.929661,4.522647,12.054806,Elephant
-1.690306,5.552154,7.182605,-2.310405,5.085284,7.862558,-2.319981,5.102044,7.558495,-2.322376,5.039794,7.175423,-2.499547,5.243302,7.867347,-1.905785,4.886566,8.616732,-1.666364,4.094085,9.244013,-1.697489,3.49314,10.156203,-1.716643,3.29921,10.515334,-1.831564,3.055001,10.297462,Elephant
-0.775721,4.412514,11.054029,-3.402161,2.597709,12.026075,-1.63524,3.004723,10.601525,-2.245761,3.136404,7.357382,1.209072,3.543418,9.952697,-0.011971,2.169147,12.11466,-1.285686,2.53546,9.900024,-1.685518,3.591303,7.963115,-0.952892,4.345476,10.158598,-1.103727,1.84593,12.540829,Elephant
-2.420538,7.278373,7.757214,-1.853112,4.132392,9.507375,1.668759,4.539406,10.663774,0.292093,4.876989,5.45878,-1.510741,4.450821,7.874529,0.23942,4.778827,10.390836,0.852336,1.376666,11.188105,-0.861913,2.588132,9.138668,-0.500388,4.350265,6.26802,-3.552995,6.833052,7.843405,Elephant
-0.950498,5.803545,5.671864,-0.902614,6.198588,6.078878,-2.930503,1.865083,7.364564,0.153229,3.131616,10.254366,-0.430956,4.788404,9.531317,-1.273715,5.568913,8.992621,2.001553,4.352659,6.998251,-0.739808,4.809951,7.833828,-1.699883,5.870583,7.831434,0.21069,6.423643,9.713276,Elephant
-2.102109,3.986346,10.498574,-1.58975,4.091691,9.756371,-0.995988,3.608062,8.700529,-0.560243,4.55856,8.482656,-0.191536,3.318364,7.240066,-0.622492,2.779668,12.876017,1.199495,4.249708,7.752425,1.565808,4.197036,8.731653,0.172383,4.594473,7.970297,-0.497994,6.500257,9.217676,Elephant
-1.752556,1.295263,10.122684,-0.811634,1.170765,9.753978,0.916979,-0.110133,12.531252,4.572925,-1.237802,6.627151,3.691859,-4.120421,0.995988,10.953473,-15.773001,2.161964,13.570335,-13.048399,-1.580173,7.673417,-6.55293,-3.857059,7.256825,-6.409278,2.319981,11.686098,-9.504981,3.651158,Elephant
-2.39899,1.900996,9.208099,-2.260126,1.697489,12.497733,2.164358,0.61531,9.579201,1.254562,0.454898,-0.095768,9.392453,-11.022904,-0.397437,20.705057,-13.141773,4.225766,8.863335,-6.251261,0.656011,7.431602,-5.609614,-0.651223,9.351752,-6.062119,2.339135,9.856929,-9.579201,1.75495,Elephant
1.92015,2.925714,9.320627,1.122881,1.30484,10.603919,1.244985,3.16274,7.383718,0.64404,1.927332,10.455479,2.791639,0.768539,12.737153,8.049306,2.047042,9.512163,3.294421,0.866701,2.027889,7.343017,-8.434772,-0.948104,14.240712,-13.177686,6.335058,12.014104,-6.91206,-1.525106,Elephant
-1.929727,0.950498,11.279084,0.804452,0.277727,9.634268,0.622492,-0.328006,4.522647,4.762067,-5.142745,3.845088,12.413936,-15.684415,4.786009,11.915942,-7.764396,1.252167,7.790732,-6.701371,1.84593,5.231331,-7.108385,4.546589,4.532224,-8.013393,6.38773,9.411607,-11.08276,2.212242,Elephant
-1.917756,1.098939,8.686164,-1.060631,-0.751779,10.127473,1.556231,-2.384625,3.883395,5.980716,-7.489063,8.690952,10.058042,-12.260707,3.519476,11.554418,-7.000646,0.126893,6.394913,-7.340622,4.125209,2.801216,-8.039729,5.121197,6.373365,-6.710948,2.020706,10.25676,-11.221623,5.638345,Elephant
-2.267309,0.543484,9.962274,-1.467646,1.572991,7.785944,0.708684,-0.90022,3.89776,8.303091,-9.035717,4.489128,10.105926,-13.699622,7.204153,10.515334,-7.943961,0.438139,7.443573,-6.368577,1.446098,5.729325,-7.184999,3.871424,6.428432,-7.347805,4.900931,6.842628,-11.358093,0.636858,Elephant
-1.695095,0.442927,9.172187,0.387861,-0.265756,8.588001,3.541024,-2.734178,2.03986,8.935161,-12.040441,6.105214,7.888895,-8.736442,4.34787,8.202535,-6.14831,2.837129,6.991069,-6.315904,4.55856,7.501034,-11.592725,5.169082,8.599973,-13.330915,3.270479,5.949591,-10.79785,5.849035,Elephant
2.789245,1.781286,10.058042,2.470816,1.577779,7.963115,2.829947,1.154005,9.016563,3.033453,1.175553,9.14585,3.608062,1.21386,9.603143,4.046201,0.488417,8.932767,3.457227,0.912191,8.511387,4.24492,0.739808,8.956709,3.751714,1.125275,9.090784,4.082114,0.967257,8.315063,Elephant
-0.476446,2.86586,10.060435,-0.129287,2.102109,9.835381,0.469264,0.469264,9.129091,2.336741,0.605733,10.800244,1.125275,0.536301,8.827422,2.533065,1.472434,9.931149,3.79481,2.772485,8.678981,1.316811,1.244985,10.623073,-0.464475,1.750161,7.965509,4.077325,1.273715,12.351686,Elephant
1.278504,-2.341529,11.75553,2.269703,-0.502782,7.867347,1.091756,-0.138864,9.267955,4.944026,-0.25618,12.576741,5.667076,1.759738,6.347029,5.446809,2.195483,10.903194,2.786851,-0.727837,12.061988,4.015076,1.817199,9.92636,2.111686,-0.385466,7.778761,2.784456,-0.351948,6.670246,Elephant
3.246537,1.252167,12.785037,1.024718,2.135628,7.965509,2.571373,0.299275,10.228029,4.601655,-0.423774,10.84334,6.615179,2.928109,6.727707,3.189077,1.407791,9.775525,0.876278,2.001553,7.043741,3.363853,2.794033,8.985439,6.174646,0.567426,12.741941,3.533842,0.682347,6.399701,Elephant
-1.455675,3.172317,7.321469,1.197101,4.297592,9.864111,3.181894,2.1883,9.440337,4.288015,3.514688,7.592013,1.963245,3.100491,7.52737,-0.629675,3.311181,7.750031,1.312023,4.055778,12.3876,3.65834,2.935291,8.975863,-0.605733,2.252944,6.344635,1.108515,2.451663,11.32218,Elephant
0.244209,3.497929,9.200917,-0.11971,3.797204,9.13388,-0.981623,3.734955,8.573636,-0.3304,3.940856,9.363723,-0.634463,4.223372,9.277532,0.509965,2.566584,9.92636,0.512359,2.633622,9.172187,-0.517148,2.384625,9.366117,1.414973,3.387795,9.49301,0.979228,3.8403,8.573636,Elephant
1.223437,2.767697,10.891224,0.186748,3.165135,9.801862,-0.636858,3.184288,8.611943,-0.435745,2.628834,8.14268,-0.270545,3.296816,10.192117,-1.010353,3.29921,8.236053,-0.282516,3.186682,9.64145,0.768539,2.839523,10.905589,-0.064643,2.013524,8.595184,-0.397437,1.271321,11.101913,Elephant
-3.586514,8.899248,2.798822,-1.031901,9.720459,2.082955,-1.855506,9.301474,2.252944,-2.351106,9.332599,2.061408,-2.442086,9.490616,1.30484,-2.624045,8.789114,2.949656,-3.921702,8.288726,3.751714,-7.319075,11.259931,3.768473,-1.553837,9.526528,0.426168,5.801151,6.471527,1.503559,Elephant
-2.276886,2.834735,7.149086,-3.433285,3.136404,9.263166,-2.887407,2.947262,9.92636,-2.698265,2.664747,8.678981,-2.466028,2.260126,6.955156,-2.375048,2.169147,6.59842,-2.568978,2.559402,7.046135,-2.480393,3.126827,8.255207,-2.377442,3.263297,8.690952,-2.267309,4.096479,7.793127,Elephant
-1.398214,2.140416,10.477027,0.842759,1.086968,12.11466,0.905008,2.111686,8.224083,1.244985,2.097321,8.350976,1.513135,1.537078,11.348516,0.916979,2.059013,10.125079,1.027112,2.521094,10.041282,1.407791,2.676718,9.655815,-1.256956,2.042254,8.602366,2.703054,0.964863,9.770737,Elephant
0.150835,0.821211,10.809821,1.465251,1.534683,8.839393,3.866636,1.070208,11.099519,5.355829,2.056619,9.490616,3.572149,1.745373,7.050924,4.321534,2.1883,9.481039,3.402161,2.434903,10.297462,0.294487,0.380678,8.695741,3.684676,0.423774,12.540829,3.16274,1.35033,6.363788,Elephant
2.506729,3.090914,11.21444,-0.143652,3.361459,6.548141,1.400608,2.920926,10.067618,4.084508,0.002394,12.337321,4.812346,1.23062,9.181764,2.504335,2.104503,8.202535,-1.898602,4.453215,8.774749,0.25618,2.523489,11.93749,3.136404,1.771709,13.723564,1.929727,2.975993,5.679047,Elephant
-1.987187,4.118027,6.550536,1.118092,1.386243,11.51611,1.249773,1.149217,6.004658,3.232172,0.603339,7.074866,-2.322376,-1.482011,16.182409,0.179565,1.211466,7.067683,-4.946421,1.101333,10.395624,0.847547,3.124433,10.070012,0.392649,1.242591,7.084443,0.648829,-0.04549,8.832211,Elephant
-0.35913,1.49877,5.181053,-0.840365,0.414197,12.052411,1.625663,0.931344,11.556811,4.256891,0.09098,9.107543,4.48434,1.007959,5.920861,2.621651,2.020706,10.141838,3.064578,2.542642,9.222465,2.583344,3.083732,9.43076,1.206678,0.35913,12.124237,1.865083,0.536301,6.512228,Elephant
-1.711854,-1.443704,5.638345,3.323152,-6.40449,1.398214,10.783484,-19.946095,4.175488,11.839328,-9.244013,0.189142,3.397372,-7.793127,3.239355,3.952827,-7.323863,3.050213,10.048465,-11.374852,4.357447,5.252879,-12.404359,3.354277,6.576872,-8.482656,4.460398,-3.971981,-9.928755,-2.834735,Elephant
2.329558,1.584962,2.710236,8.008605,-6.890512,2.214637,10.431537,-12.37084,8.413225,13.050794,-8.082825,1.271321,8.571242,-6.76362,3.306392,8.554482,-7.460332,5.109226,9.593566,-13.402741,5.564125,3.244143,-10.419566,3.976769,-0.59855,-9.768343,0.531513,7.73806,-11.815386,4.053383,Elephant
0.814029,3.608062,8.176199,1.211466,1.211466,9.993398,0.225055,-2.475605,1.235408,10.893618,-11.513716,7.76679,12.761095,-8.559271,2.329558,3.507505,-11.188105,2.001553,1.628057,-9.423578,2.015918,6.794744,-7.505822,1.915361,5.947197,-8.446744,2.193089,7.596802,-4.874595,-0.802058,Elephant
-0.143652,2.327164,5.837064,1.134852,-0.840365,12.349293,2.200271,-0.342371,13.776237,1.594538,-0.323217,11.212047,2.662352,-2.604892,3.174711,7.16824,-12.789825,-0.577003,13.740324,-11.724405,-4.563348,6.251261,-7.364564,-3.514688,9.478644,-6.16507,-0.960075,8.463503,-6.366182,2.391808,Elephant
1.551443,3.576937,8.101978,0.641646,4.012682,9.157822,-0.78051,2.303222,8.559271,3.62961,-5.736507,1.204283,8.813056,-19.443312,0.969652,16.452953,-7.194576,-5.370194,8.935161,-10.752359,4.498705,13.192051,-15.756242,5.276821,0.3304,-17.834408,4.211401,0.509965,-9.303867,-0.466869,Elephant
1.534683,1.690306,12.840104,2.372654,1.482011,1.821988,5.190629,-7.175423,-0.148441,12.145785,-15.442601,12.533646,11.197681,-7.682993,2.442086,8.686164,-5.822699,6.162675,11.243171,-7.788338,1.347936,12.033257,-18.033127,2.973598,3.280056,-13.232753,4.187459,-0.407014,-4.982334,0.064643,Elephant
6.026206,2.185906,7.254431,3.050213,0.069432,5.779603,5.942409,-8.339005,2.389413,23.781605,-13.479356,2.501941,4.060566,-9.272743,12.174516,11.523293,-10.488997,-5.710171,12.907142,-19.206285,5.341464,-1.491588,-9.950302,2.032677,-2.39899,-7.718906,-0.962469,7.151481,-12.303802,-4.000711,Elephant
0.474052,2.94008,8.183381,3.002329,3.442862,9.14585,2.880225,3.689465,7.110779,0.653617,4.570531,6.641516,-0.138864,2.226608,8.717288,-5.544971,9.572019,10.481815,-1.54426,1.814805,10.96305,-0.483629,2.032677,7.905654,2.916138,1.692701,9.476251,1.58975,0.76375,9.14585,Elephant
-1.759738,2.025495,7.718906,0.555455,-0.744597,9.552865,1.312023,-7.639898,6.485892,9.232041,-12.557588,6.794744,11.030087,-11.631032,-1.458069,4.096479,-8.497022,3.385401,6.426037,-9.423578,4.704607,5.877765,-10.807426,-1.431733,4.386178,-7.781156,-2.688689,3.308787,-3.895366,-0.296881,Elephant
4.209007,3.394978,8.046912,1.496376,3.579332,7.553706,-2.434903,4.357447,8.671799,-1.312023,3.421314,10.026917,-0.691924,-1.972822,13.702016,4.651934,-3.050213,7.323863,7.560889,-2.219425,7.153875,8.66701,-1.467646,4.817134,6.402095,-4.793192,-0.675165,3.835511,-14.295778,1.441309,Elephant
-2.341529,0.536301,9.785102,-1.460463,1.288081,11.379641,-8.188169,0.943315,38.383842,-0.117316,-1.034295,-0.232238,-0.124498,-0.972046,0.016759,-0.129287,-0.933739,-0.064643,-0.141258,-0.94571,-0.201113,-14.688427,-45.508987,-37.545872,-0.770933,-0.665588,0.016759,-3.174711,-2.243367,0.969652,Wild_Boar
0.112527,0.148441,9.684546,-0.052672,0.131681,9.677363,0.52433,-0.107739,11.008539,-11.59033,-2.212242,6.651093,-35.01041,-15.583858,8.540117,-0.308852,-4.225766,-0.04549,-0.667982,-3.114856,-0.062249,-1.503559,-3.962404,-0.153229,-0.526724,-4.125209,0.110133,-2.116474,-4.857835,4.836287,Wild_Boar
2.422932,-1.431733,11.145009,6.904878,1.388637,20.894197,-2.145205,-2.547431,6.112397,-0.169988,-0.35913,-0.019154,-0.148441,-0.3304,0.026336,-0.160412,-0.244209,-0.031125,-0.100556,-2.810793,-0.019154,0.11971,-2.281674,0.031125,13.529634,-14.094666,3.991134,0.280122,-0.550666,0.3304,Wild_Boar
0.076614,-0.107739,9.794679,-0.043096,-0.081403,9.765948,0.301669,-0.014365,9.660604,-3.505111,-3.100491,10.417171,-9.344569,-3.473987,-0.871489,-39.889793,-9.892841,-2.257732,-2.880225,-12.090718,-0.114922,-2.82037,-12.090718,-0.114922,-2.712631,-12.018892,-0.134075,5.291186,8.188169,-0.265756,Wild_Boar
0.766145,1.182736,9.703699,1.510741,-1.103727,9.909601,3.270479,0.402226,8.686164,2.612074,-1.750161,9.931149,1.546654,0.201113,9.904813,15.603012,-7.089231,59.187061,-9.301474,-19.948488,0.067038,1.137246,-19.632454,0.397437,-7.252037,-21.198261,0.493206,1.608904,-16.369158,0.435745,Wild_Boar
-0.976834,2.671929,9.497798,1.374272,-0.052672,9.698911,2.138022,-1.211466,12.964602,0.811634,0.131681,8.937555,1.041478,0.538695,8.65025,1.091756,1.125275,8.50181,1.39582,1.642422,8.283937,1.817199,1.922544,7.809886,2.049437,2.116474,7.422025,2.111686,2.451663,7.156269,Wild_Boar
